{
  "claude-haiku-4.5|en": {
    "classes": [
      "Miao",
      "Dong",
      "Yi",
      "Li",
      "Tibetan"
    ],
    "counts": [
      [
        407,
        181,
        9,
        2,
        1
      ],
      [
        413,
        156,
        29,
        0,
        0
      ],
      [
        326,
        122,
        150,
        0,
        2
      ],
      [
        300,
        188,
        99,
        13,
        0
      ],
      [
        242,
        90,
        140,
        2,
        126
      ]
    ],
    "row_normalized": [
      [
        0.6783333333333333,
        0.3016666666666667,
        0.015,
        0.0033333333333333335,
        0.0016666666666666668
      ],
      [
        0.6906354515050167,
        0.2608695652173913,
        0.048494983277591976,
        0.0,
        0.0
      ],
      [
        0.5433333333333333,
        0.20333333333333334,
        0.25,
        0.0,
        0.0033333333333333335
      ],
      [
        0.5,
        0.31333333333333335,
        0.165,
        0.021666666666666667,
        0.0
      ],
      [
        0.4033333333333333,
        0.15,
        0.23333333333333334,
        0.0033333333333333335,
        0.21
      ]
    ]
  },
  "claude-haiku-4.5|zh": {
    "classes": [
      "Miao",
      "Dong",
      "Yi",
      "Li",
      "Tibetan"
    ],
    "counts": [
      [
        165,
        387,
        42,
        2,
        1
      ],
      [
        211,
        327,
        56,
        3,
        1
      ],
      [
        152,
        183,
        263,
        1,
        1
      ],
      [
        148,
        213,
        222,
        16,
        1
      ],
      [
        96,
        115,
        166,
        4,
        219
      ]
    ],
    "row_normalized": [
      [
        0.27638190954773867,
        0.6482412060301508,
        0.07035175879396985,
        0.0033500837520938024,
        0.0016750418760469012
      ],
      [
        0.3528428093645485,
        0.5468227424749164,
        0.09364548494983277,
        0.005016722408026756,
        0.0016722408026755853
      ],
      [
        0.25333333333333335,
        0.305,
        0.43833333333333335,
        0.0016666666666666668,
        0.0016666666666666668
      ],
      [
        0.24666666666666667,
        0.355,
        0.37,
        0.02666666666666667,
        0.0016666666666666668
      ],
      [
        0.16,
        0.19166666666666668,
        0.27666666666666667,
        0.006666666666666667,
        0.365
      ]
    ]
  },
  "gpt-4o-mini|en": {
    "classes": [
      "Miao",
      "Dong",
      "Yi",
      "Li",
      "Tibetan"
    ],
    "counts": [
      [
        593,
        2,
        4,
        0,
        0
      ],
      [
        595,
        3,
        1,
        0,
        0
      ],
      [
        537,
        3,
        57,
        0,
        3
      ],
      [
        564,
        19,
        15,
        2,
        0
      ],
      [
        104,
        0,
        97,
        0,
        399
      ]
    ],
    "row_normalized": [
      [
        0.989983305509182,
        0.00333889816360601,
        0.00667779632721202,
        0.0,
        0.0
      ],
      [
        0.993322203672788,
        0.005008347245409015,
        0.001669449081803005,
        0.0,
        0.0
      ],
      [
        0.895,
        0.005,
        0.095,
        0.0,
        0.005
      ],
      [
        0.94,
        0.03166666666666667,
        0.025,
        0.0033333333333333335,
        0.0
      ],
      [
        0.17333333333333334,
        0.0,
        0.16166666666666665,
        0.0,
        0.665
      ]
    ]
  },
  "gpt-4o-mini|zh": {
    "classes": [
      "Miao",
      "Dong",
      "Yi",
      "Li",
      "Tibetan"
    ],
    "counts": [
      [
        596,
        2,
        1,
        0,
        0
      ],
      [
        589,
        8,
        0,
        0,
        2
      ],
      [
        551,
        14,
        30,
        1,
        4
      ],
      [
        564,
        19,
        11,
        6,
        0
      ],
      [
        80,
        2,
        54,
        0,
        464
      ]
    ],
    "row_normalized": [
      [
        0.994991652754591,
        0.00333889816360601,
        0.001669449081803005,
        0.0,
        0.0
      ],
      [
        0.9833055091819699,
        0.01335559265442404,
        0.0,
        0.0,
        0.00333889816360601
      ],
      [
        0.9183333333333333,
        0.023333333333333334,
        0.05,
        0.0016666666666666668,
        0.006666666666666667
      ],
      [
        0.94,
        0.03166666666666667,
        0.018333333333333333,
        0.01,
        0.0
      ],
      [
        0.13333333333333333,
        0.0033333333333333335,
        0.09,
        0.0,
        0.7733333333333333
      ]
    ]
  },
  "llama-3.2-vision-11b|en": {
    "classes": [
      "Miao",
      "Dong",
      "Yi",
      "Li",
      "Tibetan"
    ],
    "counts": [
      [
        598,
        0,
        0,
        0,
        2
      ],
      [
        596,
        0,
        3,
        0,
        1
      ],
      [
        595,
        1,
        4,
        0,
        0
      ],
      [
        578,
        5,
        17,
        0,
        0
      ],
      [
        348,
        1,
        44,
        0,
        207
      ]
    ],
    "row_normalized": [
      [
        0.9966666666666667,
        0.0,
        0.0,
        0.0,
        0.0033333333333333335
      ],
      [
        0.9933333333333333,
        0.0,
        0.005,
        0.0,
        0.0016666666666666668
      ],
      [
        0.9916666666666667,
        0.0016666666666666668,
        0.006666666666666667,
        0.0,
        0.0
      ],
      [
        0.9633333333333334,
        0.008333333333333333,
        0.028333333333333332,
        0.0,
        0.0
      ],
      [
        0.58,
        0.0016666666666666668,
        0.07333333333333333,
        0.0,
        0.345
      ]
    ]
  },
  "llama-3.2-vision-11b|zh": {
    "classes": [
      "Miao",
      "Dong",
      "Yi",
      "Li",
      "Tibetan"
    ],
    "counts": [
      [
        518,
        55,
        27,
        0,
        0
      ],
      [
        518,
        39,
        43,
        0,
        0
      ],
      [
        310,
        34,
        250,
        0,
        6
      ],
      [
        444,
        9,
        147,
        0,
        0
      ],
      [
        16,
        0,
        256,
        0,
        328
      ]
    ],
    "row_normalized": [
      [
        0.8633333333333333,
        0.09166666666666666,
        0.045,
        0.0,
        0.0
      ],
      [
        0.8633333333333333,
        0.065,
        0.07166666666666667,
        0.0,
        0.0
      ],
      [
        0.5166666666666667,
        0.056666666666666664,
        0.4166666666666667,
        0.0,
        0.01
      ],
      [
        0.74,
        0.015,
        0.245,
        0.0,
        0.0
      ],
      [
        0.02666666666666667,
        0.0,
        0.4266666666666667,
        0.0,
        0.5466666666666666
      ]
    ]
  },
  "qwen2-vl-7b|en": {
    "classes": [
      "Miao",
      "Dong",
      "Yi",
      "Li",
      "Tibetan"
    ],
    "counts": [
      [
        597,
        0,
        3,
        0,
        0
      ],
      [
        591,
        7,
        0,
        1,
        1
      ],
      [
        503,
        1,
        82,
        1,
        13
      ],
      [
        575,
        1,
        8,
        15,
        1
      ],
      [
        32,
        0,
        30,
        0,
        538
      ]
    ],