{
  "Rating_1to5": {
    "char_len": {
      "rho": 0.14135147094551032,
      "p_value": 0.08445781499874458,
      "n": 150
    },
    "token_count": {
      "rho": 0.028057991312350556,
      "p_value": 0.7332306365093626,
      "n": 150
    },
    "ttr": {
      "rho": 0.11789287312806829,
      "p_value": 0.15076806319134362,
      "n": 150
    },
    "general_ctc": {
      "rho": 0.20113584102903595,
      "p_value": 0.013584356318654511,
      "n": 150
    },
    "correct_ethnic_ctc": {
      "rho": 0.014274839537583258,
      "p_value": 0.8623553701817096,
      "n": 150
    },
    "confusion_term_rate": {
      "rho": 0.07665242538192683,
      "p_value": 0.35117336928667986,
      "n": 150
    }
  },
  "Accuracy_1to5": {
    "char_len": {
      "rho": -0.023512337224775297,
      "p_value": 0.7751870588391399,
      "n": 150
    },
    "token_count": {
      "rho": -0.09454921177148048,
      "p_value": 0.24978170201196356,
      "n": 150
    },
    "ttr": {
      "rho": 0.13610089914055035,
      "p_value": 0.09677750234350889,
      "n": 150
    },
    "general_ctc": {
      "rho": 0.038303499431958675,
      "p_value": 0.6416689614868889,
      "n": 150
    },
    "correct_ethnic_ctc": {
      "rho": 0.0306647928210478,
      "p_value": 0.7095121786342369,
      "n": 150
    },
    "confusion_term_rate": {
      "rho": -0.005905572853576307,
      "p_value": 0.9428217432495911,
      "n": 150
    }
  },
  "Completeness_1to5": {
    "char_len": {
      "rho": -0.18210952666718294,
      "p_value": 0.02572065179467033,
      "n": 150
    },
    "token_count": {
      "rho": -0.1915806763902595,
      "p_value": 0.018847008725243135,
      "n": 150
    },
    "ttr": {
      "rho": 0.2449734987143011,
      "p_value": 0.002516277870202695,
      "n": 150
    },
    "general_ctc": {
      "rho": 0.2785994801803811,
      "p_value": 0.0005560392933028521,
      "n": 150
    },
    "correct_ethnic_ctc": {
      "rho": 0.03447641812999908,
      "p_value": 0.6753327619947819,
      "n": 150
    },
    "confusion_term_rate": {
      "rho": 0.030731580285524078,
      "p_value": 0.7089080332250772,
      "n": 150
    }
  },
  "Cultural_Depth_1to5": {
    "char_len": {
      "rho": 0.36898256790543266,
      "p_value": 3.3791954667588344e-06,
      "n": 150
    },
    "token_count": {
      "rho": -0.004918672663904611,
      "p_value": 0.9523646206901941,
      "n": 150
    },
    "ttr": {
      "rho": 0.21044703916462898,
      "p_value": 0.009740929662156825,
      "n": 150
    },
    "general_ctc": {
      "rho": 0.35398862860705343,
      "p_value": 8.832354661249223e-06,
      "n": 150
    },
    "correct_ethnic_ctc": {
      "rho": -0.011399767145167463,
      "p_value": 0.8898811561696646,
      "n": 150
    },
    "confusion_term_rate": {
      "rho": 0.158463032044742,
      "p_value": 0.052771264848450766,
      "n": 150
    }
  }
}